Workbook

Sheet Gantt Plan
A1: Advanced Embedded Systems Lab Project – Detailed Gantt Plan
A2: Advanced Embedded Systems Lab execution through traceable requirements, robust firmware architecture, disciplined verification, and evidence-based documentation.
A5: WBS | B5: Phase | C5: Task | D5: Assigned To | E5: Email | F5: Progress | G5: Start | H5: End | I5: Duration | J5: Status | K5: Priority | L5: Quality Evidence / Notes | M5: 46147 | N5: 46148 | O5: 46149 | P5: 46150 | Q5: 46151 | R5: 46152 | S5: 46153 | T5: 46154 | U5: 46155 | V5: 46156 | W5: 46157 | X5: 46158 | Y5: 46159 | Z5: 46160 | AA5: 46161 | AB5: 46162 | AC5: 46163 | AD5: 46164 | AE5: 46165 | AF5: 46166 | AG5: 46167 | AH5: 46168 | AI5: 46169 | AJ5: 46170 | AK5: 46171 | AL5: 46172 | AM5: 46173 | AN5: 46174 | AO5: 46175 | AP5: 46176 | AQ5: 46177 | AR5: 46178 | AS5: 46179 | AT5: 46180 | AU5: 46181 | AV5: 46182 | AW5: 46183 | AX5: 46184 | AY5: 46185 | AZ5: 46186 | BA5: 46187 | BB5: 46188 | BC5: 46189 | BD5: 46190 | BE5: 46191
A6: 1-01 | B6: Initiation & Requirements | C6: Analyze lab manual, assessment rubric, and 1.0 success criteria | D6: Riwaj Ghimire | E6: riwaj.ghimire@stud.hshl.de | F6: 0.7 | G6: 2026-05-05 | H6: 2026-05-07 | I6: =DATEVALUE(H6)-DATEVALUE(G6)+1 -> 3 | J6: In Progress | K6: High | L6: Evidence required: screenshots, measurements, commit links, or test results.
A7: 1-02 | B7: Initiation & Requirements | C7: Derive functional requirements and measurable acceptance criteria | D7: Stephen Uzochi Obuh | E7: stephen-uzochi.obuh@stud.hshl.de | F7: 0.6 | G7: 2026-05-06 | H7: 2026-05-09 | I7: =DATEVALUE(H7)-DATEVALUE(G7)+1 -> 4 | J7: In Progress | K7: High | L7: Evidence required: screenshots, measurements, commit links, or test results.
A8: 1-03 | B8: Initiation & Requirements | C8: Derive non-functional requirements: timing, robustness, power, safety | D8: Bertrand Mungu Cho | E8: bertrand-mungu.cho@stud.hshl.de | F8: 0.55 | G8: 2026-05-07 | H8: 2026-05-11 | I8: =DATEVALUE(H8)-DATEVALUE(G8)+1 -> 5 | J8: In Progress | K8: High | L8: Evidence required: screenshots, measurements, commit links, or test results.
A9: 1-04 | B9: Initiation & Requirements | C9: Identify target MCU, sensor/actuator interfaces, and resource limits | D9: Daniel Chidi Chimezie | E9: daniel-chidi.chimezie@stud.hshl.de | F9: 0.5 | G9: 2026-05-08 | H9: 2026-05-13 | I9: =DATEVALUE(H9)-DATEVALUE(G9)+1 -> 6 | J9: Not Started | K9: Medium | L9: Evidence required: screenshots, measurements, commit links, or test results.
A10: 1-05 | B10: Initiation & Requirements | C10: Create system context diagram and signal-flow overview | D10: Riwaj Ghimire | E10: riwaj.ghimire@stud.hshl.de | F10: 0.45 | G10: 2026-05-09 | H10: 2026-05-11 | I10: =DATEVALUE(H10)-DATEVALUE(G10)+1 -> 3 | J10: Not Started | K10: Medium | L10: Evidence required: screenshots, measurements, commit links, or test results.
A11: 1-06 | B11: Initiation & Requirements | C11: Define hardware/software boundary and module ownership | D11: Stephen Uzochi Obuh | E11: stephen-uzochi.obuh@stud.hshl.de | F11: 0.4 | G11: 2026-05-10 | H11: 2026-05-13 | I11: =DATEVALUE(H11)-DATEVALUE(G11)+1 -> 4 | J11: Not Started | K11: High | L11: Evidence required: screenshots, measurements, commit links, or test results.
A12: 1-07 | B12: Initiation & Requirements | C12: Establish Git repository, branch strategy, and issue board | D12: Bertrand Mungu Cho | E12: bertrand-mungu.cho@stud.hshl.de | F12: 0.35 | G12: 2026-05-11 | H12: 2026-05-15 | I12: =DATEVALUE(H12)-DATEVALUE(G12)+1 -> 5 | J12: Not Started | K12: Medium | L12: Evidence required: screenshots, measurements, commit links, or test results.
A13: 1-08 | B13: Initiation & Requirements | C13: Create documentation template for requirements-to-test traceability | D13: Daniel Chidi Chimezie | E13: daniel-chidi.chimezie@stud.hshl.de | F13: 0.3 | G13: 2026-05-12 | H13: 2026-05-17 | I13: =DATEVALUE(H13)-DATEVALUE(G13)+1 -> 6 | J13: Not Started | K13: Medium | L13: Evidence required: screenshots, measurements, commit links, or test results.
A14: 1-09 | B14: Initiation & Requirements | C14: Define initial bill of materials and toolchain versions | D14: Riwaj Ghimire | E14: riwaj.ghimire@stud.hshl.de | F14: 0.25 | G14: 2026-05-13 | H14: 2026-05-15 | I14: =DATEVALUE(H14)-DATEVALUE(G14)+1 -> 3 | J14: Not Started | K14: Low | L14: Evidence required: screenshots, measurements, commit links, or test results.
A15: 1-10 | B15: Initiation & Requirements | C15: Prepare risk register for hardware, firmware, timing, and integration | D15: Stephen Uzochi Obuh | E15: stephen-uzochi.obuh@stud.hshl.de | F15: 0.2 | G15: 2026-05-14 | H15: 2026-05-17 | I15: =DATEVALUE(H15)-DATEVALUE(G15)+1 -> 4 | J15: Not Started | K15: High | L15: Evidence required: screenshots, measurements, commit links, or test results.
A16: 2-01 | B16: Architecture & Detailed Design | C16: Design firmware architecture with layered HAL, drivers, services, and application logic | D16: Bertrand Mungu Cho | E16: bertrand-mungu.cho@stud.hshl.de | F16: 0.7 | G16: 2026-05-15 | H16: 2026-05-17 | I16: =DATEVALUE(H16)-DATEVALUE(G16)+1 -> 3 | J16: In Progress | K16: High | L16: Evidence required: screenshots, measurements, commit links, or test results.
A17: 2-02 | B17: Architecture & Detailed Design | C17: Create microcontroller pin map and alternate-function allocation | D17: Daniel Chidi Chimezie | E17: daniel-chidi.chimezie@stud.hshl.de | F17: 0.6 | G17: 2026-05-16 | H17: 2026-05-19 | I17: =DATEVALUE(H17)-DATEVALUE(G17)+1 -> 4 | J17: In Progress | K17: High | L17: Evidence required: screenshots, measurements, commit links, or test results.
... A45: 4-10 | B45: Verification, Optimization & Delivery | C45: Rehearse presentation and finalize submission package | D45: Daniel Chidi Chimezie | E45: daniel-chidi.chimezie@stud.hshl.de | F45: 0.2 | G45: 2026-06-13 | H45: 2026-06-16 | I45: =DATEVALUE(H45)-DATEVALUE(G45)+1 -> 4 | J45: Not Started | K45: High | L45: Evidence required: screenshots, measurements, commit links, or test results.

Sheet Summary
A1: Advanced Embedded Systems Gantt Summary
A3: Metric | B3: Value | D3: Assigned To | E3: Task Count | F3: Avg Progress
A4: Total tasks | B4: =COUNTA('Gantt Plan'!A6:A45) -> 40 | D4: Riwaj Ghimire | E4: =COUNTIF('Gantt Plan'!D6:D45,D4) -> 10 | F4: =AVERAGEIF('Gantt Plan'!D6:D45,D4,'Gantt Plan'!F6:F45) -> 0.46
A5: Project start | B5: 2026-05-05 | D5: Stephen Uzochi Obuh | E5: =COUNTIF('Gantt Plan'!D6:D45,D5) -> 10 | F5: =AVERAGEIF('Gantt Plan'!D6:D45,D5,'Gantt Plan'!F6:F45) -> 0.4
A6: Project end | B6: 2026-06-18 | D6: Bertrand Mungu Cho | E6: =COUNTIF('Gantt Plan'!D6:D45,D6) -> 10 | F6: =AVERAGEIF('Gantt Plan'!D6:D45,D6,'Gantt Plan'!F6:F45) -> 0.46
A7: Average progress | B7: =AVERAGE('Gantt Plan'!F6:F45) -> 0.43 | D7: Daniel Chidi Chimezie | E7: =COUNTIF('Gantt Plan'!D6:D45,D7) -> 10 | F7: =AVERAGEIF('Gantt Plan'!D6:D45,D7,'Gantt Plan'!F6:F45) -> 0.4
A8: High-priority tasks | B8: =COUNTIF('Gantt Plan'!K6:K45,"High") -> 20
A9: Open / not started tasks | B9: =COUNTIF('Gantt Plan'!J6:J45,"Not Started") -> 28

Sheet Team
A1: Team Members and Equal Task Distribution
A3: Surname | B3: First Name(s) | C3: Email | D3: Group | E3: Room
A4: Ghimire | B4: Riwaj | C4: riwaj.ghimire@stud.hshl.de | D4: Group A | E4: A6
A5: Obuh | B5: Stephen Uzochi | C5: stephen-uzochi.obuh@stud.hshl.de | D5: Group A | E5: A6
A6: Cho | B6: Bertrand Mungu | C6: bertrand-mungu.cho@stud.hshl.de | D6: Group A | E6: A6
A7: Chimezie | B7: Daniel Chidi | C7: daniel-chidi.chimezie@stud.hshl.de | D7: Group A | E7: A6
